Name;Path;Data Type;Logical Address;Comment;Kind;Station
3a_Material_Placed_PP_Metal;Standard-Variablentabelle;Bool;%M0.2;;PLC;Standard-Variablentabelle
Clock_Byte;Standard-Variablentabelle;Byte;%MB20;;PLC;Standard-Variablentabelle
4a_HMI_Start;Gantry;Bool;%M8.0;Zone 4A HMI (same as previous Palletizer screen);PLC;Gantry
4a_HMI_Stop;Gantry;Bool;%M8.1;Zone 4A;PLC;Gantry
4a_HMI_Reset;Gantry;Bool;%M8.2;Zone 4A;PLC;Gantry
4a_HMI_Auto;Gantry;Bool;%M8.3;Zone 4A;PLC;Gantry
4a_HMI_SingleCycle;Gantry;Bool;%M8.4;Zone 4A;PLC;Gantry
4a_Pallet_Ready;Gantry;Bool;%M10.3;HMI compatibility (palletizer name);PLC;Gantry
4a_Loading_Pallet_Active;Gantry;Bool;%M10.4;TRUE while Grab;PLC;Gantry
4a_Busy;Gantry;Bool;%M10.5;Zone 4A Busy;PLC;Gantry
4a_Done;Gantry;Bool;%M10.6;Zone 4A Done;PLC;Gantry
4a_State;Gantry;Int;%MW12;Zone 4A step;PLC;Gantry
4a_Assembly_Count;Gantry;Int;%MW14;HMI compatibility;PLC;Gantry
4a_HMI_Lamp_Ready;Gantry;Bool;%M11.0;Zone 4A;PLC;Gantry
4a_HMI_Lamp_Running;Gantry;Bool;%M11.1;Zone 4A;PLC;Gantry
4a_HMI_Lamp_Done;Gantry;Bool;%M11.2;Zone 4A;PLC;Gantry
4a_HMI_Lamp_Stopped;Gantry;Bool;%M11.3;Zone 4A;PLC;Gantry
4a_HMI_Lamp_Auto;Gantry;Bool;%M11.4;Zone 4A;PLC;Gantry
4a_HMI_Lamp_Manual;Gantry;Bool;%M11.5;Zone 4A;PLC;Gantry
4a_HMI_Cycle_Count;Gantry;Int;%MW16;Zone 4A;PLC;Gantry
4a_HMI_Step_Text_ID;Gantry;Int;%MW18;Zone 4A;PLC;Gantry
1a_M_C_0_ANWESEND_Sensor;Standard-Variablentabelle;Bool;%E0.0;1a | Factory I/O: 1a_M_C_0_ANWESEND_Sensor;PLC;Standard-Variablentabelle
1a_M_C_1_ANWESEND_Sensor;Standard-Variablentabelle;Bool;%E0.1;1a | Factory I/O: 1a_M_C_1_ANWESEND_Sensor;PLC;Standard-Variablentabelle
1b_plastic_raw_material_sensor_1;Standard-Variablentabelle;Bool;%E1.0;1b | Factory I/O: 1b_plastic_raw_material_sensor_1;PLC;Standard-Variablentabelle
1b_Plastic_raw_material_sensor_2;Standard-Variablentabelle;Bool;%E1.1;1b | Factory I/O: 1b_Plastic_raw_material_sensor_2;PLC;Standard-Variablentabelle
2a_Eck_Foerderband_MBase;Standard-Variablentabelle;Bool;%E2.0;2a | Factory I/O: 2a_Eck_Foerderband_MBase;PLC;Standard-Variablentabelle
2a_Eck_Foerderband_MLid;Standard-Variablentabelle;Bool;%E2.1;2a | Factory I/O: 2a_Eck_Foerderband_MLid;PLC;Standard-Variablentabelle
2a_Worked_Part_from_MC_out;Standard-Variablentabelle;Bool;%E2.2;2a | Factory I/O: 2a_Worked_Part_from_MC_out;PLC;Standard-Variablentabelle
2a_Worked_Part_from_MC_out_2;Standard-Variablentabelle;Bool;%E2.3;2a | Factory I/O: 2a_Worked_Part_from_MC_out_2;PLC;Standard-Variablentabelle
3b_Diffuse_Sensor_12;Standard-Variablentabelle;Bool;%E7.4;2b | Factory I/O: 2b_Diffuse Sensor 12;PLC;Standard-Variablentabelle
2b_Diffuse_Sensor_39;Standard-Variablentabelle;Bool;%E3.1;2b | Factory I/O: 2b_Diffuse Sensor 39;PLC;Standard-Variablentabelle
2b_Diffuse_Sensor_42;Standard-Variablentabelle;Bool;%E3.2;2b | Factory I/O: 2b_Diffuse Sensor 42;PLC;Standard-Variablentabelle
3a_Baugruppe_Left_Positioner_2_Clamped;Standard-Variablentabelle;Bool;%E4.0;3a | Factory I/O: 3a_Baugruppe_Left Positioner 2 (Clamped);PLC;Standard-Variablentabelle
3a_Part_Left_1;Standard-Variablentabelle;Bool;%E4.1;3a | Factory I/O: 3a_Part_Left_1;PLC;Standard-Variablentabelle
3a_Right_Positioner_0_Limit;Standard-Variablentabelle;Bool;%E4.2;3a | Factory I/O: 3a_Right Positioner 0 (Limit);PLC;Standard-Variablentabelle
3a_Right_Positioner_0_Clamped;Standard-Variablentabelle;Bool;%E4.3;3a | Factory I/O: 3a_Right Positioner 0 (Clamped);PLC;Standard-Variablentabelle
3a_Sensor_at_PP_Base;Standard-Variablentabelle;Bool;%E4.4;3a | Factory I/O: 3a_Sensor_at_PP_Base;PLC;Standard-Variablentabelle
3a_Sensor_at_PP_Lid;Standard-Variablentabelle;Bool;%E4.5;3a | Factory I/O: 3a_Sensor_at_PP_Lid;PLC;Standard-Variablentabelle
3a_Sensor_Before_PP_Base;Standard-Variablentabelle;Bool;%E4.6;3a | Factory I/O: 3a_Sensor_Before_PP_Base;PLC;Standard-Variablentabelle
3a_Sensor_Before_PP_Lid;Standard-Variablentabelle;Bool;%E4.7;3a | Factory I/O: 3a_Sensor_Before_PP_Lid;PLC;Standard-Variablentabelle
3a_Two_Axis_Pick_and_Place_0_Moving_X;Standard-Variablentabelle;Bool;%E5.0;3a | Factory I/O: 3a_Two-Axis Pick & Place 0 (Moving X);PLC;Standard-Variablentabelle
3a_Two_Axis_Pick_and_Place_0_Moving_Z;Standard-Variablentabelle;Bool;%E5.1;3a | Factory I/O: 3a_Two-Axis Pick & Place 0 (Moving Z);PLC;Standard-Variablentabelle
3a_Two_Axis_Pick_and_Place_0_Rotating;Standard-Variablentabelle;Bool;%E5.2;3a | Factory I/O: 3a_Two-Axis Pick & Place 0 (Rotating);PLC;Standard-Variablentabelle
3a_Two_Axis_Pick_and_Place_0_Item_Detected;Standard-Variablentabelle;Bool;%E5.3;3a | Factory I/O: 3a_Two-Axis Pick & Place 0 (Item Detected);PLC;Standard-Variablentabelle
3a_Two_Axis_Pick_and_Place_0_Gripper_Rotating;Standard-Variablentabelle;Bool;%E5.4;3a | Factory I/O: 3a_Two-Axis Pick & Place 0 (Gripper Rotating);PLC;Standard-Variablentabelle
3b_Diffuse_Sensor_36;Standard-Variablentabelle;Bool;%E6.0;3b | Factory I/O: 3b_Diffuse Sensor 36;PLC;Standard-Variablentabelle
3b_Diffuse_Sensor_38;Standard-Variablentabelle;Bool;%E6.1;3b | Factory I/O: 3b_Diffuse Sensor 38;PLC;Standard-Variablentabelle
3b_Diffuse_Sensor_40;Standard-Variablentabelle;Bool;%E6.2;3b | Factory I/O: 3b_Diffuse Sensor 40;PLC;Standard-Variablentabelle
3b_Left_Positioner_1_Limit;Standard-Variablentabelle;Bool;%E6.3;3b | Factory I/O: 3b_Left Positioner 1 (Limit);PLC;Standard-Variablentabelle
3b_Left_Positioner_1_Clamped;Standard-Variablentabelle;Bool;%E6.4;3b | Factory I/O: 3b_Left Positioner 1 (Clamped);PLC;Standard-Variablentabelle
3b_Right_Positioner_3_Limit;Standard-Variablentabelle;Bool;%E6.5;3b | Factory I/O: 3b_Right Positioner 3 (Limit);PLC;Standard-Variablentabelle
3b_Right_Positioner_3_Clamped;Standard-Variablentabelle;Bool;%E6.6;3b | Factory I/O: 3b_Right Positioner 3 (Clamped);PLC;Standard-Variablentabelle
3b_Two_Axis_Pick_and_Place_1_Moving_X;Standard-Variablentabelle;Bool;%E6.7;3b | Factory I/O: 3b_Two-Axis Pick & Place 1 (Moving X);PLC;Standard-Variablentabelle
3b_Two_Axis_Pick_and_Place_1_Moving_Z;Standard-Variablentabelle;Bool;%E7.0;3b | Factory I/O: 3b_Two-Axis Pick & Place 1 (Moving Z);PLC;Standard-Variablentabelle
3b_Two_Axis_Pick_and_Place_1_Rotating;Standard-Variablentabelle;Bool;%E7.1;3b | Factory I/O: 3b_Two-Axis Pick & Place 1 (Rotating);PLC;Standard-Variablentabelle
3b_Two_Axis_Pick_and_Place_1_Item_Detected;Standard-Variablentabelle;Bool;%E7.2;3b | Factory I/O: 3b_Two-Axis Pick & Place 1 (Item Detected);PLC;Standard-Variablentabelle
3b_Two_Axis_Pick_and_Place_1_Gripper_Rotating;Standard-Variablentabelle;Bool;%E7.3;3b | Factory I/O: 3b_Two-Axis Pick & Place 1 (Gripper Rotating);PLC;Standard-Variablentabelle
4a_at_Palletizer_machine;Standard-Variablentabelle;Bool;%E8.0;4a | Factory I/O: 4a_at_palletierer machine | DUPLICATE source name - verify mapping;PLC;Standard-Variablentabelle
4a_vor_Palletizer_Band_set;Standard-Variablentabelle;Bool;%E8.1;4a | Factory I/O: 4a_vor_Palletizer_Band_set;PLC;Standard-Variablentabelle
4a_Pallet_at_Palletizer;Standard-Variablentabelle;Bool;%E8.2;4a | Factory I/O: 4a_Pallet_at_Palletizer;PLC;Standard-Variablentabelle
4a_at_Palletizer_machine_2;Standard-Variablentabelle;Bool;%E8.3;4a | Factory I/O: 4a_at_palletierer machine | DUPLICATE source name - verify mapping;PLC;Standard-Variablentabelle
4a_Pallet_Present;Standard-Variablentabelle;Bool;%E8.4;4a | Factory I/O: 4a_Pallet_Present;PLC;Standard-Variablentabelle
4a_Pick_and_Place_1_Moving_Z;Standard-Variablentabelle;Bool;%E8.5;4a | Factory I/O: 4a_Pick & Place 1 (Moving-Z);PLC;Standard-Variablentabelle
4a_Pick_and_Place_1_Moving_XY;Standard-Variablentabelle;Bool;%E8.6;4a | Factory I/O: 4a_Pick & Place 1 (Moving-XY);PLC;Standard-Variablentabelle
1a_Emitter_1_Emit;Standard-Variablentabelle;Bool;%A0.0;1a | Factory I/O: 1a_Emitter 1 (Emit);PLC;Standard-Variablentabelle
1a_Emitter_2_Emit;Standard-Variablentabelle;Bool;%A0.1;1a | Factory I/O: 1a_Emitter 2 (Emit);PLC;Standard-Variablentabelle
1a_M_C_1_AN_WESEND_Belt_Conveyor_2m;Standard-Variablentabelle;Bool;%A0.2;1a | Factory I/O: 1a_M_C_1_AN_WESEND_Belt Conveyor (2m);PLC;Standard-Variablentabelle
1a_M_C_ANWESEND_Belt_Conveyor_2m;Standard-Variablentabelle;Bool;%A0.3;1a | Factory I/O: 1a_M_C_ANWESEND_Belt Conveyor (2m);PLC;Standard-Variablentabelle
1b_DC_0_Belt_Conveyor_2m;Standard-Variablentabelle;Bool;%A1.0;1b | Factory I/O: 1b_DC_0_Belt_Conveyor(2m);PLC;Standard-Variablentabelle
1b_Emitter_5_Emit;Standard-Variablentabelle;Bool;%A1.1;1b | Factory I/O: 1b_Emitter 5 (Emit);PLC;Standard-Variablentabelle
1b_raw_material_emitter_2;Standard-Variablentabelle;Bool;%A1.2;1b | Factory I/O: 1b_raw_material_emitter__2;PLC;Standard-Variablentabelle
2a_After_DC_Our_0;Standard-Variablentabelle;Bool;%A2.0;2a | Factory I/O: 2a_After_DC_Our_0;PLC;Standard-Variablentabelle
2a_After_MC_out_0;Standard-Variablentabelle;Bool;%A2.1;2a | Factory I/O: 2a_After_MC_out_0;PLC;Standard-Variablentabelle
2a_After_Metal_MC_Base_Conveyor;Standard-Variablentabelle;Bool;%A2.2;2a | Factory I/O: 2a_After_Metal_MC_Base_Conveyor;PLC;Standard-Variablentabelle
2a_After_Metal_MC_Lid_Conveyor;Standard-Variablentabelle;Bool;%A2.3;2a | Factory I/O: 2a_After_Metal_MC_Lid_Conveyor;PLC;Standard-Variablentabelle
2a_Motor_Before_PP_Base;Standard-Variablentabelle;Bool;%A2.4;2a | Factory I/O: 2a_Motor_Before_PP_Base;PLC;Standard-Variablentabelle
2a_Motor_Before_PP_Lid;Standard-Variablentabelle;Bool;%A2.5;2a | Factory I/O: 2a_Motor_Before_PP_Lid;PLC;Standard-Variablentabelle
2b_After_Plastic_DC_out_0;Standard-Variablentabelle;Bool;%A3.0;2b | Factory I/O: 2b_After_Plastic_DC_out_0;PLC;Standard-Variablentabelle
2b_After_Plastic_MC_out_1;Standard-Variablentabelle;Bool;%A3.1;2b | Factory I/O: 2b_After_Plastic_MC_out_1;PLC;Standard-Variablentabelle
2b_After_Plastic_MC_out_2;Standard-Variablentabelle;Bool;%A3.2;2b | Factory I/O: 2b_After_Plastic_MC_out_2;PLC;Standard-Variablentabelle
2b_Curved_Belt_Conveyor_6_CW;Standard-Variablentabelle;Bool;%A3.3;2b | Factory I/O: 2b_Curved Belt Conveyor 6 CW | DUPLICATE source name - verify mapping;PLC;Standard-Variablentabelle
2b_Curved_Belt_Conveyor_6_CW_2;Standard-Variablentabelle;Bool;%A3.4;2b | Factory I/O: 2b_Curved Belt Conveyor 6 CW | DUPLICATE source name - verify mapping;PLC;Standard-Variablentabelle
2b_Curved_Belt_Conveyor_8_C2;Standard-Variablentabelle;Bool;%A3.5;2b | Factory I/O: 2b_Curved Belt Conveyor 8 C2;PLC;Standard-Variablentabelle
3a_Left_Positioner_2_Raise;Standard-Variablentabelle;Bool;%A4.0;3a | Factory I/O: 3a_Left Positioner 2 (Raise);PLC;Standard-Variablentabelle
3a_Left_Positioner_Metal_Baugruppe_Clamp;Standard-Variablentabelle;Bool;%A4.1;3a | Factory I/O: 3a_Left Positioner _Metal_Baugruppe(Clamp);PLC;Standard-Variablentabelle
3a_Motor_at_PP_Base;Standard-Variablentabelle;Bool;%A4.2;3a | Factory I/O: 3a_Motor_at_PP_Base;PLC;Standard-Variablentabelle
3a_Motor_at_PP_Lid;Standard-Variablentabelle;Bool;%A4.3;3a | Factory I/O: 3a_Motor_at_PP_Lid;PLC;Standard-Variablentabelle
3a_Nach_Waage_Curved_Belt_Conveyor_0_CW;Standard-Variablentabelle;Bool;%A4.4;3a | Factory I/O: 3a_Nach_Waage_Curved Belt Conveyor 0 CW;PLC;Standard-Variablentabelle
3a_Right_Lid_Positioner_0_Clamp;Standard-Variablentabelle;Bool;%A4.5;3a | Factory I/O: 3a_Right_Lid_Positioner 0 (Clamp);PLC;Standard-Variablentabelle
3a_Right_Lid_Positioner_0_Raise;Standard-Variablentabelle;Bool;%A4.6;3a | Factory I/O: 3a_Right_Lid_Positioner 0 (Raise);PLC;Standard-Variablentabelle
3a_Two_Axis_Pick_and_Place_0_Grab;Standard-Variablentabelle;Bool;%A4.7;3a | Factory I/O: 3a_Two-Axis Pick & Place 0 (Grab);PLC;Standard-Variablentabelle
3a_Two_Axis_Pick_and_Place_0_Rotate_CW;Standard-Variablentabelle;Bool;%A5.0;3a | Factory I/O: 3a_Two-Axis Pick & Place 0 Rotate CW;PLC;Standard-Variablentabelle
3a_Two_Axis_Pick_and_Place_0_Gripper_CW;Standard-Variablentabelle;Bool;%A5.1;3a | Factory I/O: 3a_Two-Axis Pick & Place 0 Gripper CW;PLC;Standard-Variablentabelle
3a_Two_Axis_Pick_and_Place_0_Rotate_CCW;Standard-Variablentabelle;Bool;%A5.2;3a | Factory I/O: 3a_Two-Axis Pick & Place 0 Rotate CCW;PLC;Standard-Variablentabelle
3a_Two_Axis_Pick_and_Place_0_Gripper_CCW;Standard-Variablentabelle;Bool;%A5.3;3a | Factory I/O: 3a_Two-Axis Pick & Place 0 Gripper CCW;PLC;Standard-Variablentabelle
3a_Waage_Conveyor_Scale_0_Plus;Standard-Variablentabelle;Bool;%A5.4;3a | Factory I/O: 3a_Waage_Conveyor Scale 0 (+);PLC;Standard-Variablentabelle
3b_Belt_Conveyor_2m_6;Standard-Variablentabelle;Bool;%A6.0;3b | Factory I/O: 3b_Belt Conveyor (2m) 6;PLC;Standard-Variablentabelle
3b_Belt_Conveyor_2m_13;Standard-Variablentabelle;Bool;%A6.1;3b | Factory I/O: 3b_Belt Conveyor (2m) 13;PLC;Standard-Variablentabelle
3b_Conveyor_Scale_2_Plus;Standard-Variablentabelle;Bool;%A6.2;3b | Factory I/O: 3b_Conveyor Scale 2 (+);PLC;Standard-Variablentabelle
3b_Conveyor_Scale_2;Standard-Variablentabelle;Bool;%A6.3;3b | Factory I/O: 3b_Conveyor Scale 2 (-);PLC;Standard-Variablentabelle
3b_Left_Positioner_1_Clamp;Standard-Variablentabelle;Bool;%A6.4;3b | Factory I/O: 3b_Left Positioner 1 (Clamp);PLC;Standard-Variablentabelle
3b_Left_Positioner_1_Raise;Standard-Variablentabelle;Bool;%A6.5;3b | Factory I/O: 3b_Left Positioner 1 (Raise) | DUPLICATE source name - verify mapping;PLC;Standard-Variablentabelle
3b_Right_Positioner_3_Clamp;Standard-Variablentabelle;Bool;%A6.6;3b | Factory I/O: 3b_Right Positioner 3 (Clamp);PLC;Standard-Variablentabelle
3b_Right_Positioner_1_Raise;Standard-Variablentabelle;Bool;%A6.7;3b | Factory I/O: 3b_Left Positioner 1 (Raise) | DUPLICATE source name - verify mapping;PLC;Standard-Variablentabelle
3b_Two_Axis_Pick_and_Place_1_Grab;Standard-Variablentabelle;Bool;%A7.0;3b | Factory I/O: 3b_Two-Axis Pick & Place 1 (Grab);PLC;Standard-Variablentabelle
3b_Two_Axis_Pick_and_Place_1_Rotate_CW;Standard-Variablentabelle;Bool;%A7.1;3b | Factory I/O: 3b_Two-Axis Pick & Place 1 Rotate CW;PLC;Standard-Variablentabelle
3b_Two_Axis_Pick_and_Place_1_Rotate_CCW;Standard-Variablentabelle;Bool;%A7.2;3b | Factory I/O: 3b_Two-Axis Pick & Place 1 Rotate CCW | DUPLICATE source name - verify mapping;PLC;Standard-Variablentabelle
3b_Two_Axis_Pick_and_Place_1_Rotate_CCW_2;Standard-Variablentabelle;Bool;%A7.3;3b | Factory I/O: 3b_Two-Axis Pick & Place 1 Rotate CCW | DUPLICATE source name - verify mapping;PLC;Standard-Variablentabelle
3b_Two_Axis_Pick_and_Place_1_Gripper_CCW;Standard-Variablentabelle;Bool;%A7.4;3b | Factory I/O: 3b_Two-Axis Pick & Place 1 Gripper CCW;PLC;Standard-Variablentabelle
4a_Warning_Light_1;Standard-Variablentabelle;Bool;%A8.0;4a | Factory I/O: 4a_Warning Light 1;PLC;Standard-Variablentabelle
4a_Pick_and_Place_1_C_Plus;Standard-Variablentabelle;Bool;%A8.1;4a | Factory I/O: 4a_Pick & Place 1 C(+);PLC;Standard-Variablentabelle
4a_Pick_and_Place_1_Grab;Standard-Variablentabelle;Bool;%A8.2;4a | Factory I/O: 4a_Pick & Place 1 (Grab);PLC;Standard-Variablentabelle
4a_Belt_Conveyor_at_palletizer_4m_7;Standard-Variablentabelle;Bool;%A8.3;4a | Factory I/O: 4a_Belt _Conveyor_at_palletizer (4m) 7;PLC;Standard-Variablentabelle
4a_Palletizer_Belt_Conveyor_4m_0;Standard-Variablentabelle;Bool;%A8.4;4a | Factory I/O: 4a_Palletizer_Belt Conveyor (4m) 0;PLC;Standard-Variablentabelle
4a_Roller_Conveyor_6m_4;Standard-Variablentabelle;Bool;%A8.5;4a | Factory I/O: 4a_Roller Conveyor (6m) 4;PLC;Standard-Variablentabelle
3a_Two_Axis_Pick_and_Place_0_X_Position_V;Standard-Variablentabelle;Real;%ED30;3a | Factory I/O: 3a_Two-Axis Pick & Place 0 X Position (V);PLC;Standard-Variablentabelle
3a_Two_Axis_Pick_and_Place_0_Z_Position_V;Standard-Variablentabelle;Real;%ED34;3a | Factory I/O: 3a_Two-Axis Pick & Place 0 Z Position (V);PLC;Standard-Variablentabelle
3a_Waage_0_Weight_V;Standard-Variablentabelle;Real;%ED38;3a | Factory I/O: 3a_Waage 0 Weight (V);PLC;Standard-Variablentabelle
4a_Pick_and_Place_1_X_Position_V;Standard-Variablentabelle;Real;%ED42;4a | Factory I/O: 4a_Pick & Place 1 X Position (V);PLC;Standard-Variablentabelle
4a_Pick_and_Place_1_Y_Position_V;Standard-Variablentabelle;Real;%ED46;4a | Factory I/O: 4a_Pick & Place 1 Y Position (V);PLC;Standard-Variablentabelle
4a_Pick_and_Place_1_Z_Position_V;Standard-Variablentabelle;Real;%ED50;4a | Factory I/O: 4a_Pick & Place 1 Z Position (V);PLC;Standard-Variablentabelle
3a_Two_Axis_Pick_and_Place_0_Z_Set_Point_V;Standard-Variablentabelle;Real;%AD20;3a | Factory I/O: 3a_Two-Axis Pick & Place 0 Z Set Point (V);PLC;Standard-Variablentabelle
3a_Two_Axis_Pick_and_Place_0_X_Set_Point_V;Standard-Variablentabelle;Real;%AD16;3a | Factory I/O: 3a_Two-Axis Pick & Place 0 X Set Point (V);PLC;Standard-Variablentabelle
Gewicht;Standard-Variablentabelle;DInt;%AD24;System | Factory I/O: Gewicht;PLC;Standard-Variablentabelle
4a_Pick_and_Place_1_X_Set_Point_V;Standard-Variablentabelle;Real;%AD40;4a | Factory I/O: 4a_Pick & Place 1 X Set Point (V);PLC;Standard-Variablentabelle
4a_Pick_and_Place_1_Y_Set_Point_V;Standard-Variablentabelle;Real;%AD44;4a | Factory I/O: 4a_Pick & Place 1 Y Set Point(V);PLC;Standard-Variablentabelle
4a_Pick_and_Place_1_Z_Set_Point_V;Standard-Variablentabelle;Real;%AD48;4a | Factory I/O: 4a_Pick & Place 1 Z Set Point (V);PLC;Standard-Variablentabelle
1b_DC_1_Belt Conveyor (2m);Forderband;Bool;%A1.3;;PLC;Forderband
2b_Eck_Foerderband_MLid;Forderband;Bool;%A3.6;;PLC;Forderband
Aut_Start_Mode;Forderband;Bool;%E5.5;;PLC;Forderband
Weight_ok;Forderband;Bool;%A5.5;;PLC;Forderband
Waage0_Reset;Forderband;Bool;%E5.7;;PLC;Forderband
4a_Roller Conveyor (2m) 2;Forderband;Bool;%A8.6;;PLC;Forderband
4a_Emitt_Pallet;Forderband;Bool;%A8.7;;PLC;Forderband
4a_pick_and_place__C_Limit;Forderband;Bool;%E8.7;;PLC;Forderband
2b_Worked_Part_from_MC_out_1;Standard-Variablentabelle;Bool;%E3.0;;PLC;Standard-Variablentabelle
2b_Worked_Part_from_MC_out_2;Standard-Variablentabelle;Bool;%E3.3;;PLC;Standard-Variablentabelle
3b_Diffuse_Sensor_0;Standard-Variablentabelle;Bool;%E7.5;;PLC;Standard-Variablentabelle
4b_HMI_Start(1);Gantry_2;Bool;%M9.0;;PLC;Gantry_2
4b_HMI_Stop(1);Gantry_2;Bool;%M9.1;;PLC;Gantry_2
4b_HMI_Reset(1);Gantry_2;Bool;%M9.2;;PLC;Gantry_2
4b_HMI_Auto(1);Gantry_2;Bool;%M9.3;;PLC;Gantry_2
4b_HMI_SingleCycle(1);Gantry_2;Bool;%M9.4;;PLC;Gantry_2
4b_Pallet_Ready(1);Gantry_2;Bool;%M9.5;;PLC;Gantry_2
4b_Loading_Pallet_Active(1);Gantry_2;Bool;%M9.6;;PLC;Gantry_2
4b_Busy(1);Gantry_2;Bool;%M9.7;;PLC;Gantry_2
4b_Done(1);Gantry_2;Bool;%M10.0;;PLC;Gantry_2
4b_State(1);Gantry_2;Int;%MW30;;PLC;Gantry_2
4b_Assembly_Count(1);Gantry_2;Int;%MW34;;PLC;Gantry_2
4b_HMI_Lamp_Ready(1);Gantry_2;Bool;%M10.1;;PLC;Gantry_2
4b_HMI_Lamp_Running(1);Gantry_2;Bool;%M10.2;;PLC;Gantry_2
4b_HMI_Lamp_Done(1);Gantry_2;Bool;%M12.3;;PLC;Gantry_2
4b_HMI_Lamp_Stopped(1);Gantry_2;Bool;%M12.4;;PLC;Gantry_2
4b_HMI_Lamp_Auto(1);Gantry_2;Bool;%M12.5;;PLC;Gantry_2
4b_HMI_Lamp_Manual(1);Gantry_2;Bool;%M12.6;;PLC;Gantry_2
4b_HMI_Cycle_Count(1);Gantry_2;Int;%MW32;;PLC;Gantry_2
4b_HMI_Step_Text_ID(1);Gantry_2;Int;%MW36;;PLC;Gantry_2
3b_Two-Axis Pick & Place 1 X Position (V);Forderband;Real;%ED54;;PLC;Forderband
3b_Two-Axis Pick & Place 1 Z Set Point (V);Forderband;Real;%AD32;;PLC;Forderband
3b_Two-Axis Pick & Place 1 X Set Point (V);Forderband;Real;%AD28;;PLC;Forderband
3b_Pick_and_Place_Done;Forderband;Bool;%M0.3;;PLC;Forderband
3b_Two-Axis Pick & Place 1 Z Position (V);Forderband;Real;%ED58;;PLC;Forderband
3b_Waage 2 Weight (V);Forderband;Real;%ED62;;PLC;Forderband
3b_Diffuse_Sensor_11;Standard-Variablentabelle;Bool;%E7.6;;PLC;Standard-Variablentabelle
3b_stack_light;Forderband;Bool;%A7.5;;PLC;Forderband
4b_Diffuse Sensor 41;Standard-Variablentabelle;Bool;%E10.2;;PLC;Standard-Variablentabelle
4b_Diffuse_Sensor_10;Standard-Variablentabelle;Bool;%E10.0;;PLC;Standard-Variablentabelle
4b_Roller Conveyor (6m) 1;Forderband;Bool;%A10.5;;PLC;Forderband
4b_Stacker_BeltConveyor_Plastic(6m);Standard-Variablentabelle;Bool;%A10.6;;PLC;Standard-Variablentabelle
4b_Belt Conveyor (4m) 6;Forderband;Bool;%A10.0;;PLC;Forderband
4b_Roller Conveyor (2m) 3;Forderband;Bool;%A10.4;;PLC;Forderband
4b_Pallet_Present;Forderband;Bool;%E10.3;;PLC;Forderband
4b_Diffuse_Sensor_26;Forderband;Bool;%E10.1;;PLC;Forderband
3a_Curved Belt Conveyor 5 CW;Forderband;Bool;%A5.7;;PLC;Forderband
3b_NAch_Waage_Curved_Belt;Forderband;Bool;%A7.6;;PLC;Forderband
4a_Pick & Place 1 (Box Detected);Standard-Variablentabelle;Bool;%E9.0;;PLC;Standard-Variablentabelle
4b_Warning_Light_6;Standard-Variablentabelle;Bool;%A10.7;;PLC;Standard-Variablentabelle
4b_Pick & Place 0 (C Limit);Standard-Variablentabelle;Bool;%E10.4;;PLC;Standard-Variablentabelle
4b_Pick & Place 0 (Moving-Z);Standard-Variablentabelle;Bool;%E10.5;;PLC;Standard-Variablentabelle
4b_Pick & Place 0 (Moving-XY);Standard-Variablentabelle;Bool;%E10.6;;PLC;Standard-Variablentabelle
4b_Pick & Place 0 (Box Detected);Standard-Variablentabelle;Bool;%E10.7;;PLC;Standard-Variablentabelle
4b_Pick & Place 0 X Position (V);Standard-Variablentabelle;Real;%ED86;;PLC;Standard-Variablentabelle
4b_Pick & Place 0 Y Position (V);Standard-Variablentabelle;Real;%ED90;;PLC;Standard-Variablentabelle
4b_Pick & Place 0 Z Position (V);Standard-Variablentabelle;Real;%ED94;;PLC;Standard-Variablentabelle
4b_Pick & Place 1 Y Set Point(V);Standard-Variablentabelle;Real;%AD60;;PLC;Standard-Variablentabelle
4b_Pick & Place 1 X Set Point (V);Standard-Variablentabelle;Real;%AD64;;PLC;Standard-Variablentabelle
4b_Pick & Place 1 Z Set Point (V);Standard-Variablentabelle;Real;%AD68;;PLC;Standard-Variablentabelle
4b_Pick & Place 1 C(+);Standard-Variablentabelle;Bool;%A10.2;;PLC;Standard-Variablentabelle
4b_Pick & Place 1 (Grab);Standard-Variablentabelle;Bool;%A10.3;;PLC;Standard-Variablentabelle
Motor;Forderband;Bool;%A0.4;;PLC;Forderband
4b_Diffuse Sensor 13;Forderband;Bool;%E11.0;;PLC;Forderband
5a_to_warehouse;Forderband;Bool;%E12.0;;PLC;Forderband
5a_Roller Conveyor (6m) 2;Forderband;Bool;%A12.0;;PLC;Forderband
5a_Curved Roller Conveyor 1 CCW;Forderband;Bool;%A12.1;;PLC;Forderband
5b_1_to_Warehouse;Forderband;Bool;%E13.0;;PLC;Forderband
5b_Curved Roller Conveyor 2 CCW;Forderband;Bool;%A13.1;;PLC;Forderband
5b_Roller Conveyor (4m) 0;Forderband;Bool;%A13.0;;PLC;Forderband
5b_2_to_Warehouse;Forderband;Bool;%E13.1;;PLC;Forderband
5b_3_to_Warehouse;Forderband;Bool;%E13.2;;PLC;Forderband
5b_Roller Conveyor (2m) 1;Forderband;Bool;%A13.2;;PLC;Forderband
5b_Curved Roller Conveyor 4;Forderband;Bool;%A13.3;;PLC;Forderband
5b_Roller Conveyor (6m) 0;Forderband;Bool;%A13.4;;PLC;Forderband
5b_Curved Roller Conveyor 3 CCW;Forderband;Bool;%A13.5;;PLC;Forderband
5a_Diffuse Sensor 21;Forderband;Bool;%E12.1;;PLC;Forderband
5a_Roller Conveyor (2m) 0;Forderband;Bool;%A12.4;;PLC;Forderband
5a_Curved Roller Conveyor 0 CW;Forderband;Bool;%A12.3;;PLC;Forderband
5a_Diffuse Sensor 25;Forderband;Bool;%E12.2;;PLC;Forderband
5a_Roller Conveyor (6m) 3;Forderband;Bool;%A12.7;;PLC;Forderband
5a_Roller Conveyor (4m) 5;Forderband;Bool;%A12.6;;PLC;Forderband
4b_RFID Reader 2 Execute Command;Forderband;Bool;%A11.1;;PLC;Forderband
4a_RFID Reader 1 Command;4a_4b_RFID_Readers;DInt;%AD76;;PLC;4a_4b_RFID_Readers
4b_RFID Reader 2 Memory Index;4a_4b_RFID_Readers;DInt;%AD112;;PLC;4a_4b_RFID_Readers
4b_RFID Reader 2 Write Data;4a_4b_RFID_Readers;DInt;%AD108;;PLC;4a_4b_RFID_Readers
4a_RFID Reader 1 Status;4a_4b_RFID_Readers;DInt;%ED102;;PLC;4a_4b_RFID_Readers
4a_RFID Reader 1 Command ID;4a_4b_RFID_Readers;DInt;%ED110;;PLC;4a_4b_RFID_Readers
4a_RFID Reader 1 Read Data;4a_4b_RFID_Readers;DInt;%ED106;;PLC;4a_4b_RFID_Readers
4b_RFID Reader 2 Command ID;4a_4b_RFID_Readers;DInt;%ED138;;PLC;4a_4b_RFID_Readers
4b_RFID Reader 2 Status;4a_4b_RFID_Readers;DInt;%ED130;;PLC;4a_4b_RFID_Readers
4b_RFID Reader 2 Read Data;4a_4b_RFID_Readers;DInt;%ED134;;PLC;4a_4b_RFID_Readers
4a_RFID Reader 1 Execute Command;4a_4b_RFID_Readers;Bool;%A9.0;;PLC;4a_4b_RFID_Readers
4b_RFID Reader 2 Command;4a_4b_RFID_Readers;DInt;%AD104;;PLC;4a_4b_RFID_Readers
4a_RFID Reader 1 Memory Index;4a_4b_RFID_Readers;DInt;%AD84;;PLC;4a_4b_RFID_Readers
4a_RFID Reader 1 Write Data;4a_4b_RFID_Readers;DInt;%AD80;;PLC;4a_4b_RFID_Readers
2b_Vision Sensor Base(Value);2b_VisionDataSensors;DInt;%ED146;;PLC;2b_VisionDataSensors
2b_Vision Sensor Lid (Value);2b_VisionDataSensors;DInt;%ED142;;PLC;2b_VisionDataSensors
Memory_Index;Forderband;DInt;%MD2;;PLC;Forderband
RFID_Code_IN;Forderband;UDInt;%MD22;;PLC;Forderband
Artikelnummer_In;Forderband;UInt;%MW6;;PLC;Forderband
Material_Art_In;Forderband;USInt;%MB1;;PLC;Forderband
ProductType_In;Forderband;UInt;%MW26;;PLC;Forderband
2b_HMI_RFID_Bereit;2b_VisionDataSensors;Bool;%M30.0;;PLC;2b_VisionDataSensors
2b_HMI_RFID_Busy;2b_VisionDataSensors;Bool;%M30.1;;PLC;2b_VisionDataSensors
2b_HMI_RFID_Done;2b_VisionDataSensors;Bool;%M30.4;;PLC;2b_VisionDataSensors
2b_HMI_RFID_Reset;2b_VisionDataSensors;Bool;%M30.5;;PLC;2b_VisionDataSensors
2b_VisionData_Artikelnumber;2b_VisionDataSensors;UInt;%MW28;;PLC;2b_VisionDataSensors
2b_VisionData_ProductType;2b_VisionDataSensors;UInt;%MW38;;PLC;2b_VisionDataSensors
2b_VisionData_Combo_Done;2b_VisionDataSensors;Bool;%M40.0;;PLC;2b_VisionDataSensors
2a_VisionData_Write_Req;2b_VisionDataSensors;Bool;%M20.1;;PLC;2b_VisionDataSensors
2b_VisionData_RFID_CODE;2b_VisionDataSensors;UDInt;%MD42;;PLC;2b_VisionDataSensors
2b_HMI_RFID_Write;2b_VisionDataSensors;Bool;%M20.0;;PLC;2b_VisionDataSensors
2b_VisionData_Materialart;2b_VisionDataSensors;USInt;%MB46;;PLC;2b_VisionDataSensors
2b_VisionData_Both_Ready;Forderband;Bool;%M40.1;;PLC;Forderband
2b_VisionData_State;Forderband;Int;%MW48;;PLC;Forderband
2b_VisionData_Color_Code;Forderband;Int;%MW50;;PLC;Forderband
5b_RFID_Lesen;5b_RFID;Bool;%M65.0;;PLC;5b_RFID
Mode_Einricht;Warehouse;Bool;%M60.0;;PLC;Warehouse
Mode_Auto;Warehouse;Bool;%M60.1;;PLC;Warehouse
Mode_Hand;Warehouse;Bool;%M60.2;;PLC;Warehouse
Not_Aus;Warehouse;Bool;%M60.3;;PLC;Warehouse
HMI_Initialisieren;Warehouse;Bool;%M60.4;;PLC;Warehouse
HMI_Reset_Meldung;Warehouse;Bool;%M60.5;;PLC;Warehouse
HMI_Pos_Speichern;Warehouse;Bool;%M60.6;;PLC;Warehouse
HMI_Raster_Berechnen;Warehouse;Bool;%M60.7;;PLC;Warehouse
HMI_Loeschen;Warehouse;Bool;%M61.0;;PLC;Warehouse
HMI_Suchen;Warehouse;Bool;%M61.1;;PLC;Warehouse
HMI_FreiesFach;Warehouse;Bool;%M61.2;;PLC;Warehouse
HMI_Start_Einlagern;Warehouse;Bool;%M61.3;;PLC;Warehouse
HMI_Start_Auslagern;Warehouse;Bool;%M61.4;;PLC;Warehouse
HMI_Reset;Warehouse;Bool;%M61.5;;PLC;Warehouse
HMI_Stop;Warehouse;Bool;%M61.6;;PLC;Warehouse
HMI_Fachnummer;Warehouse;UInt;%MW80;;PLC;Warehouse
HMI_Pitch_X;Warehouse;Real;%MD84;;PLC;Warehouse
HMI_Pitch_Z;Warehouse;Real;%MD88;;PLC;Warehouse
HMI_Spalten;Warehouse;Int;%MW92;;PLC;Warehouse
HMI_Spalten_Rechts;Warehouse;Int;%MW94;;PLC;Warehouse
Paket_vor_Regal;Warehouse;Bool;%M62.0;;PLC;Warehouse
Paket_Fuer_Hochregal;Warehouse;Bool;%M62.1;;PLC;Warehouse
Palette_Aufgenommen;Warehouse;Bool;%M62.2;;PLC;Warehouse
Palette_Abgelegt;Warehouse;Bool;%M62.3;;PLC;Warehouse
Position_Erreicht;Warehouse;Bool;%M62.4;;PLC;Warehouse
Gabel_Rechts_Ausgefahren;Warehouse;Bool;%M62.5;;PLC;Warehouse
Gabel_Links_Ausgefahren;Warehouse;Bool;%M62.6;;PLC;Warehouse
Gabel_Eingefahren;Warehouse;Bool;%M62.7;;PLC;Warehouse
Ist_X;Warehouse;Real;%MD96;;PLC;Warehouse
Ist_Z;Warehouse;Real;%MD100;;PLC;Warehouse
Soll_X;Warehouse;Real;%MD104;;PLC;Warehouse
Soll_Z;Warehouse;Real;%MD108;;PLC;Warehouse
Home_X;Warehouse;Real;%MD112;;PLC;Warehouse
Home_Z;Warehouse;Real;%MD116;;PLC;Warehouse
Ausgabe_X;Warehouse;Real;%MD120;;PLC;Warehouse
Ausgabe_Z;Warehouse;Real;%MD124;;PLC;Warehouse
Fahre_Zu_Position;Warehouse;Bool;%M63.0;;PLC;Warehouse
Palette_Aufnehmen_Cmd;Warehouse;Bool;%M63.1;;PLC;Warehouse
Palette_Ablegen_Cmd;Warehouse;Bool;%M63.2;;PLC;Warehouse
Gabel_Rechts_Cmd;Warehouse;Bool;%M63.3;;PLC;Warehouse
Gabel_Links_Cmd;Warehouse;Bool;%M63.4;;PLC;Warehouse
Gabel_Mitte_Cmd;Warehouse;Bool;%M63.5;;PLC;Warehouse
HRL_Busy;Warehouse;Bool;%M64.0;;PLC;Warehouse
HRL_Done;Warehouse;Bool;%M64.1;;PLC;Warehouse
HRL_Error;Warehouse;Bool;%M64.2;;PLC;Warehouse
HRL_Mode_Auto;Warehouse;Bool;%M64.3;;PLC;Warehouse
HRL_Mode_Hand;Warehouse;Bool;%M64.4;;PLC;Warehouse
HRL_Mode_Einricht;Warehouse;Bool;%M64.5;;PLC;Warehouse
HMI_State;Warehouse;Int;%MW128;;PLC;Warehouse
HMI_Ziel_Fach;Warehouse;Int;%MW130;;PLC;Warehouse
HRL_Anzahl_Belegt;Warehouse;UInt;%MW132;;PLC;Warehouse
HRL_Anzahl_Frei;Warehouse;UInt;%MW134;;PLC;Warehouse
5b_Diffuse Sensor 48;Warehouse;Bool;%E13.4;;PLC;Warehouse
5b_Pallet_vor_Regal;Warehouse;Bool;%E14.3;;PLC;Warehouse
5b_Loading Conveyor 1;Warehouse;Bool;%A14.3;;PLC;Warehouse
5b_Stacker Crane 0 Moving-X;Warehouse;Bool;%E13.6;;PLC;Warehouse
5b_Stacker Crane 0 Moving-Z;Warehouse;Bool;%E13.7;;PLC;Warehouse
5b_Stacker Crane 0 Left Limit;Warehouse;Bool;%E14.0;;PLC;Warehouse
5b_Stacker Crane 0 Right Limit;Warehouse;Bool;%E14.1;;PLC;Warehouse
5b_Stacker Crane 0 Middle Limit;Warehouse;Bool;%E14.2;;PLC;Warehouse
5b_Stacker Crane 0 X Position (V);Warehouse;Real;%ED162;;PLC;Warehouse
5b_Stacker Crane 0 Z Position (V);Warehouse;Real;%ED166;;PLC;Warehouse
5b_Stacker Crane 0 (Left);Warehouse;Bool;%A14.0;;PLC;Warehouse
5b_Stacker Crane 0 (Right);Warehouse;Bool;%A14.1;;PLC;Warehouse
5b_Stacker Crane 0 X Set Point (V);Warehouse;Real;%AD136;;PLC;Warehouse
5b_Stacker Crane 0 Z Set Point (V);Warehouse;Real;%AD140;;PLC;Warehouse
5b_Pallet_vor_Regal_E13;Warehouse;Bool;%E13.3;;PLC;Warehouse
5b_RFID Reader 5 Status;5b_RFID;DInt;%ED150;;PLC;5b_RFID
5b_RFID Reader 5 Read Data;5b_RFID;DInt;%ED154;;PLC;5b_RFID
5b_RFID Reader 5 Command ID;5b_RFID;DInt;%ED158;;PLC;5b_RFID
5b_RFID Reader 5 Execute Command;5b_RFID;Bool;%A13.7;;PLC;5b_RFID
5b_RFID Reader 5 Command;5b_RFID;DInt;%AD124;;PLC;5b_RFID
5b_RFID Reader 5 Write Data;5b_RFID;DInt;%AD128;;PLC;5b_RFID
5b_RFID Reader 5 Memory Index;5b_RFID;DInt;%AD132;;PLC;5b_RFID
RFID_5b_Busy;5b_RFID;Bool;%M65.1;;PLC;5b_RFID
RFID_5b_Done;5b_RFID;Bool;%M65.2;;PLC;5b_RFID
RFID_5b_Error;5b_RFID;Bool;%M65.3;;PLC;5b_RFID
RFID_5b_State;5b_RFID;Int;%MW136;;PLC;5b_RFID
RFID_5b_Status_Code;5b_RFID;Int;%MW138;;PLC;5b_RFID
RFID_5b_Bereit;5b_RFID;Bool;%M65.4;;PLC;5b_RFID
RFID_5b_Gueltig;5b_RFID;Bool;%M65.5;;PLC;5b_RFID
RFID_5b_Fehler;5b_RFID;Bool;%M65.6;;PLC;5b_RFID
RFID_5b_Code_Out;5b_RFID;UDInt;%MD140;;PLC;5b_RFID
RFID_5b_Artikelnummer_Out;5b_RFID;UInt;%MW144;;PLC;5b_RFID
RFID_5b_Materialart_Out;5b_RFID;USInt;%MB146;;PLC;5b_RFID
RFID_5b_ProductTyp_Out;5b_RFID;UInt;%MW148;;PLC;5b_RFID
HMI_5a_Offset;HMI_Tags_Warehouse_2;Real;%MD52;;PLC;HMI_Tags_Warehouse_2
2b_HMI_RFID_Error;2b_VisionDataSensors;Bool;%M30.2;;PLC;2b_VisionDataSensors
2b_HMI_RFID_Gueltig;2b_VisionDataSensors;Bool;%M30.3;;PLC;2b_VisionDataSensors
2b_HMI_RFID_Fehler;2b_VisionDataSensors;Bool;%M30.6;;PLC;2b_VisionDataSensors
2b_HMI_RFID_Status_Code;2b_VisionDataSensors;Int;%MW44;;PLC;2b_VisionDataSensors
2b_HMI_RFID_Pallet_Tagged;Standard-Variablentabelle;Bool;%M40.2;;PLC;Standard-Variablentabelle
HMI_Copy_Ist_to_Soll;Warehouse;Bool;%M61.7;;PLC;Warehouse
HMI_Soll_X;Warehouse;Real;%MD152;;PLC;Warehouse
HMI_Soll_Z;Warehouse;Real;%MD156;;PLC;Warehouse
HMI_Soll_X_Plus;Warehouse;Bool;%M65.7;;PLC;Warehouse
HMI_Soll_X_Minus;Warehouse;Bool;%M66.0;;PLC;Warehouse
HMI_Soll_Z_Minus;Warehouse;Bool;%M66.2;;PLC;Warehouse
HMI_Jog_Step;Warehouse;Real;%MD160;;PLC;Warehouse
HMI_Soll_Z_Plus;Warehouse;Bool;%M66.1;;PLC;Warehouse
Band_Z;Warehouse;Real;%MD168;;PLC;Warehouse
Band_X;Warehouse;Real;%MD164;;PLC;Warehouse
5b_Warning_Light_5;Warehouse;Bool;%A14.2;;PLC;Warehouse
5b_Alarm Siren 2;Warehouse;Bool;%A14.4;;PLC;Warehouse
Band_Z_Lift;Warehouse;Real;%MD172;;PLC;Warehouse
Mode_Einricht_W2;HMI_Tags_Warehouse_2;Bool;%M70.0;;PLC;HMI_Tags_Warehouse_2
Mode_Auto_W2;HMI_Tags_Warehouse_2;Bool;%M70.1;;PLC;HMI_Tags_Warehouse_2
Mode_Hand_W2;HMI_Tags_Warehouse_2;Bool;%M70.2;;PLC;HMI_Tags_Warehouse_2
Not_Aus_W2;HMI_Tags_Warehouse_2;Bool;%M70.3;;PLC;HMI_Tags_Warehouse_2
HRL_2_Busy;HMI_Tags_Warehouse_2;Bool;%M74.0;;PLC;HMI_Tags_Warehouse_2
HRL_2_Done;HMI_Tags_Warehouse_2;Bool;%M74.1;;PLC;HMI_Tags_Warehouse_2
HRL_2_Error;HMI_Tags_Warehouse_2;Bool;%M74.2;;PLC;HMI_Tags_Warehouse_2
HMI_State_W2;HMI_Tags_Warehouse_2;Int;%MW228;;PLC;HMI_Tags_Warehouse_2
HMI_Stop_W2;HMI_Tags_Warehouse_2;Bool;%M71.6;;PLC;HMI_Tags_Warehouse_2
HMI_Start_Einlagern_W2;HMI_Tags_Warehouse_2;Bool;%M71.3;;PLC;HMI_Tags_Warehouse_2
HMI_Start_Auslagern_W2;HMI_Tags_Warehouse_2;Bool;%M71.4;;PLC;HMI_Tags_Warehouse_2
HMI_Reset_W2;HMI_Tags_Warehouse_2;Bool;%M71.5;;PLC;HMI_Tags_Warehouse_2
HMI_Reset_Meldung_W2;HMI_Tags_Warehouse_2;Bool;%M70.5;;PLC;HMI_Tags_Warehouse_2
HMI_Suchen_W2;HMI_Tags_Warehouse_2;Bool;%M71.1;;PLC;HMI_Tags_Warehouse_2
HMI_FreiesFach_W2;HMI_Tags_Warehouse_2;Bool;%M71.2;;PLC;HMI_Tags_Warehouse_2
HMI_Loeschen_W2;HMI_Tags_Warehouse_2;Bool;%M71.0;;PLC;HMI_Tags_Warehouse_2
HMI_Fachnummer_W2;HMI_Tags_Warehouse_2;UInt;%MW180;;PLC;HMI_Tags_Warehouse_2
HMI_Ziel_Fach_W2;HMI_Tags_Warehouse_2;Int;%MW230;;PLC;HMI_Tags_Warehouse_2
HRL_2_Anzahl_Belegt;HMI_Tags_Warehouse_2;UInt;%MW232;;PLC;HMI_Tags_Warehouse_2
HRL_2_Anzahl_Frei;HMI_Tags_Warehouse_2;UInt;%MW234;;PLC;HMI_Tags_Warehouse_2
Paket_Vor_Regal_W2;HMI_Tags_Warehouse_2;Bool;%M72.0;;PLC;HMI_Tags_Warehouse_2
Paket_Fuer_Hochregal_W2;HMI_Tags_Warehouse_2;Bool;%M72.1;;PLC;HMI_Tags_Warehouse_2
Ist_X_W2;HMI_Tags_Warehouse_2;Real;%MD196;;PLC;HMI_Tags_Warehouse_2
Ist_Z_W2;HMI_Tags_Warehouse_2;Real;%MD200;;PLC;HMI_Tags_Warehouse_2
Palette_Aufgenommen_W2;HMI_Tags_Warehouse_2;Bool;%M72.2;;PLC;HMI_Tags_Warehouse_2
Gabel_Links_Ausgefahren_W2;HMI_Tags_Warehouse_2;Bool;%M72.6;;PLC;HMI_Tags_Warehouse_2
Gabel_Rechts_Ausgefahren_W2;HMI_Tags_Warehouse_2;Bool;%M72.5;;PLC;HMI_Tags_Warehouse_2
Gabel_Eingefahren_W2;HMI_Tags_Warehouse_2;Bool;%M72.7;;PLC;HMI_Tags_Warehouse_2
HMI_Soll_X_W2;HMI_Tags_Warehouse_2;Real;%MD252;;PLC;HMI_Tags_Warehouse_2
HMI_Soll_Z_W2;HMI_Tags_Warehouse_2;Real;%MD256;;PLC;HMI_Tags_Warehouse_2
HMI_Jog_Step_W2;HMI_Tags_Warehouse_2;Real;%MD260;;PLC;HMI_Tags_Warehouse_2
HMI_Copy_Ist_to_Soll_W2;HMI_Tags_Warehouse_2;Bool;%M71.7;;PLC;HMI_Tags_Warehouse_2
HMI_Soll_X_Plus_W2;HMI_Tags_Warehouse_2;Bool;%M75.7;;PLC;HMI_Tags_Warehouse_2
HMI_Soll_X_Minus_W2;HMI_Tags_Warehouse_2;Bool;%M76.0;;PLC;HMI_Tags_Warehouse_2
HMI_Soll_Z_Plus_W2;HMI_Tags_Warehouse_2;Bool;%M76.1;;PLC;HMI_Tags_Warehouse_2
HMI_Soll_Z_Minus_W2;HMI_Tags_Warehouse_2;Bool;%M76.2;;PLC;HMI_Tags_Warehouse_2
Home_X_W2;HMI_Tags_Warehouse_2;Real;%MD212;;PLC;HMI_Tags_Warehouse_2
Home_Z_W2;HMI_Tags_Warehouse_2;Real;%MD216;;PLC;HMI_Tags_Warehouse_2
Ausgabe_X_W2;HMI_Tags_Warehouse_2;Real;%MD220;;PLC;HMI_Tags_Warehouse_2
Ausgabe_Z_W2;HMI_Tags_Warehouse_2;Real;%MD224;;PLC;HMI_Tags_Warehouse_2
Band_X_W2;HMI_Tags_Warehouse_2;Real;%MD264;;PLC;HMI_Tags_Warehouse_2
Band_Z_W2;HMI_Tags_Warehouse_2;Real;%MD268;;PLC;HMI_Tags_Warehouse_2
Band_Z_Lift_W2;HMI_Tags_Warehouse_2;Real;%MD272;;PLC;HMI_Tags_Warehouse_2
HMI_Copy_Ist_to_Band_W2;HMI_Tags_Warehouse_2;Bool;%M76.3;;PLC;HMI_Tags_Warehouse_2
HMI_Pitch_X_W2;HMI_Tags_Warehouse_2;Real;%MD184;;PLC;HMI_Tags_Warehouse_2
HMI_Pitch_Z_W2;HMI_Tags_Warehouse_2;Real;%MD188;;PLC;HMI_Tags_Warehouse_2
HMI_Spalten_W2;HMI_Tags_Warehouse_2;Int;%MW192;;PLC;HMI_Tags_Warehouse_2
HMI_Spalten_Rechts_W2;HMI_Tags_Warehouse_2;Int;%MW194;;PLC;HMI_Tags_Warehouse_2
HMI_Pos_Speichern_W2;HMI_Tags_Warehouse_2;Bool;%M70.6;;PLC;HMI_Tags_Warehouse_2
HMI_Raster_Berechnen_W2;HMI_Tags_Warehouse_2;Bool;%M70.7;;PLC;HMI_Tags_Warehouse_2
HMI_Initialisieren_W2;HMI_Tags_Warehouse_2;Bool;%M70.4;;PLC;HMI_Tags_Warehouse_2
Soll_X_W2;HMI_Tags_Warehouse_2;Real;%MD204;;PLC;HMI_Tags_Warehouse_2
Soll_Z_W2;HMI_Tags_Warehouse_2;Real;%MD208;;PLC;HMI_Tags_Warehouse_2
Fahre_Zu_Position_W2;HMI_Tags_Warehouse_2;Bool;%M73.0;;PLC;HMI_Tags_Warehouse_2
Gabel_Rechts_Cmd_W2;HMI_Tags_Warehouse_2;Bool;%M73.3;;PLC;HMI_Tags_Warehouse_2
Gabel_Links_Cmd_W2;HMI_Tags_Warehouse_2;Bool;%M73.4;;PLC;HMI_Tags_Warehouse_2
Gabel_Mitte_Cmd_W2;HMI_Tags_Warehouse_2;Bool;%M73.5;;PLC;HMI_Tags_Warehouse_2
Palette_Aufnehmen_Cmd_W2;HMI_Tags_Warehouse_2;Bool;%M73.1;;PLC;HMI_Tags_Warehouse_2
Palette_Ablegen_Cmd_W2;HMI_Tags_Warehouse_2;Bool;%M73.2;;PLC;HMI_Tags_Warehouse_2
5a_Metal_Pallette_A_Regal;Standard-Variablentabelle;Bool;%E15.6;;PLC;Standard-Variablentabelle
5a_Diffuse Sensor 55;Standard-Variablentabelle;Bool;%E12.3;;PLC;Standard-Variablentabelle
5a_Curved Roller Conveyor 7 CW;Standard-Variablentabelle;Bool;%A12.2;;PLC;Standard-Variablentabelle
5a_Loading Conveyor;Standard-Variablentabelle;Bool;%A14.5;;PLC;Standard-Variablentabelle
2a_Vision Sensor Lid(Value);2a_VisionDataSensors;DInt;%ED170;;PLC;2a_VisionDataSensors
2a_Vision Sensor Base(Value);2a_VisionDataSensors;DInt;%ED174;;PLC;2a_VisionDataSensors
2a_Metal_VisionData_Combo_Done;2a_VisionDataSensors;Bool;%M56.0;;PLC;2a_VisionDataSensors
2a_Metal_Vision_Reset;2a_VisionDataSensors;Bool;%M57.1;;PLC;2a_VisionDataSensors
2a_Metal_HMI_RFID_Write;2a_VisionDataSensors;Bool;%M57.0;;PLC;2a_VisionDataSensors
2a_Metal_VisionData_Both_Ready;2a_VisionDataSensors;Bool;%M56.1;;PLC;2a_VisionDataSensors
2a_Metal_VisionData_Busy;2a_VisionDataSensors;Bool;%M56.2;;PLC;2a_VisionDataSensors
2a_Metal_VisionData_Error;2a_VisionDataSensors;Bool;%M56.3;;PLC;2a_VisionDataSensors
2a_Metal_Vision_Lid_Valid;2a_VisionDataSensors;Bool;%M56.4;Code=8;PLC;2a_VisionDataSensors
2a_Metal_Vision_Base_Valid;2a_VisionDataSensors;Bool;%M56.5;Code=9;PLC;2a_VisionDataSensors
2a_Metal_Vision_Lid_Reject_Plastic;2a_VisionDataSensors;Bool;%M56.6;Code 1..6;PLC;2a_VisionDataSensors
2a_Metal_Vision_Base_Reject_Plastic;2a_VisionDataSensors;Bool;%M56.7;Code 1..6;PLC;2a_VisionDataSensors
2a_Metal_VisionData_Waiting_For_Write;2a_VisionDataSensors;Bool;%M57.2;;PLC;2a_VisionDataSensors
2a_Metal_VisionData_RFID_CODE;2a_VisionDataSensors;UDInt;%MD276;Production date YYMMDD;PLC;2a_VisionDataSensors
2a_Metal_VisionData_Artikelnummer;2a_VisionDataSensors;UInt;%MW250;Sequential article;PLC;2a_VisionDataSensors
2a_Metal_VisionData_Materialart;2a_VisionDataSensors;USInt;%MB284;Always 2=Metall;PLC;2a_VisionDataSensors
2a_Metal_VisionData_Prod_Year;2a_VisionDataSensors;UInt;%MW286;;PLC;2a_VisionDataSensors
2a_Metal_VisionData_Prod_Month;2a_VisionDataSensors;USInt;%MB288;;PLC;2a_VisionDataSensors
2a_Metal_VisionData_Prod_Day;2a_VisionDataSensors;USInt;%MB289;;PLC;2a_VisionDataSensors
2a_Metal_VisionData_State;2a_VisionDataSensors;Int;%MW294;1 sense 2 write 3 done 4 wait;PLC;2a_VisionDataSensors
5a_Stacker Crane 1 X Set Point (V);HMI_Tags_Warehouse_2;Real;%AD144;;PLC;HMI_Tags_Warehouse_2
5a_Stacker Crane 1 Z Set Point (V);HMI_Tags_Warehouse_2;Real;%AD148;;PLC;HMI_Tags_Warehouse_2
5a_Stacker Crane 1 X Position (V);HMI_Tags_Warehouse_2;Real;%ED178;;PLC;HMI_Tags_Warehouse_2
5a_Stacker Crane 1 Z Position (V);HMI_Tags_Warehouse_2;Real;%ED182;;PLC;HMI_Tags_Warehouse_2
5a_Stacker Crane 1 Moving-X;HMI_Tags_Warehouse_2;Bool;%E15.1;;PLC;HMI_Tags_Warehouse_2
5a_Stacker Crane 1 Moving-Z;HMI_Tags_Warehouse_2;Bool;%E15.2;;PLC;HMI_Tags_Warehouse_2
5a_Stacker Crane 1 Left Limit;HMI_Tags_Warehouse_2;Bool;%E15.3;;PLC;HMI_Tags_Warehouse_2
5a_Stacker Crane 1 Right Limit;HMI_Tags_Warehouse_2;Bool;%E15.4;;PLC;HMI_Tags_Warehouse_2
5a_Stacker Crane 1 Middle Limit;HMI_Tags_Warehouse_2;Bool;%E15.5;;PLC;HMI_Tags_Warehouse_2
5a_Metal_Palette_vor_regal;HMI_Tags_Warehouse_2;Bool;%E15.0;;PLC;HMI_Tags_Warehouse_2
Position_Erricht_W2;HMI_Tags_Warehouse_2;Bool;%M72.4;;PLC;HMI_Tags_Warehouse_2
5a_Stacker Crane 1 (Right);HMI_Tags_Warehouse_2;Bool;%A15.1;;PLC;HMI_Tags_Warehouse_2
5a_Stacker Crane 1 (Left);HMI_Tags_Warehouse_2;Bool;%A15.0;;PLC;HMI_Tags_Warehouse_2
Palette_Abgelegt_W2;HMI_Tags_Warehouse_2;Bool;%M72.3;;PLC;HMI_Tags_Warehouse_2
5a_Warning Light 4;HMI_Tags_Warehouse_2;Bool;%A15.2;;PLC;HMI_Tags_Warehouse_2
5a_Alarm Siren 0;HMI_Tags_Warehouse_2;Bool;%A15.3;;PLC;HMI_Tags_Warehouse_2
5a_RFID Reader 0 Command;5a_RFID;DInt;%AD88;;PLC;5a_RFID
5a_RFID Reader 0 Write Data;5a_RFID;DInt;%AD92;;PLC;5a_RFID
5a_RFID Reader 0 Memory Index;5a_RFID;DInt;%AD96;;PLC;5a_RFID
5a_RFID Reader 0 Execute Command;5a_RFID;Bool;%A15.4;;PLC;5a_RFID
5a_RFID Reader 0 Status;5a_RFID;DInt;%ED114;;PLC;5a_RFID
5a_RFID Reader 0 Read Data;5a_RFID;DInt;%ED118;;PLC;5a_RFID
5a_RFID Reader 0 Command ID;5a_RFID;DInt;%ED122;;PLC;5a_RFID
5a_RFID_Busy;5a_RFID;Bool;%M77.1;;PLC;5a_RFID
5a_RFID_Bereit;5a_RFID;Bool;%M77.4;;PLC;5a_RFID
5a_RFID_Gueltig;5a_RFID;Bool;%M77.5;;PLC;5a_RFID
5a_RFID_Fehler;5a_RFID;Bool;%M77.6;;PLC;5a_RFID
5a_RFID_Code_Out;5a_RFID;UDInt;%MD300;;PLC;5a_RFID
5a_RFID_Artikelnummer_Out;5a_RFID;UInt;%MW304;;PLC;5a_RFID
5a_RFID_Materialart_Out;5a_RFID;USInt;%MB306;;PLC;5a_RFID
5a_RFID_ProductTyp_Out;5a_RFID;UInt;%MW308;;PLC;5a_RFID
5a_RFID_Done;5a_RFID;Bool;%M77.2;;PLC;5a_RFID
5a_RFID_State;5a_RFID;Int;%MW310;;PLC;5a_RFID
5a_RFID_Error;5a_RFID;Bool;%M77.3;;PLC;5a_RFID
5a_RFID_Lesen;5a_RFID;Bool;%M77.0;;PLC;5a_RFID
HMI_5b_Offset;Warehouse;Real;%MD176;;PLC;Warehouse
5a_Roller Conveyor (2m) 5;Standard-Variablentabelle;Bool;%A12.5;;PLC;Standard-Variablentabelle
4a_RFID_Metal_Bereit;4a_4b_RFID_Readers;Bool;%M34.0;;PLC;4a_4b_RFID_Readers
4a_RFID_Metal_Gueltig;4a_4b_RFID_Readers;Bool;%M34.1;;PLC;4a_4b_RFID_Readers
4a_RFID_Metal_Fehler;4a_4b_RFID_Readers;Bool;%M34.2;;PLC;4a_4b_RFID_Readers
4a_RFID_Metal_ProductTyp_Out;4a_4b_RFID_Readers;UInt;%MW156;;PLC;4a_4b_RFID_Readers
4a_RFID_Artikelnummer_Out;4a_4b_RFID_Readers;UInt;%MW150;;PLC;4a_4b_RFID_Readers
4a_RFID_RFID_Materialart_Out;4a_4b_RFID_Readers;USInt;%MB182;;PLC;4a_4b_RFID_Readers
4a_RFID_Code_Out;4a_4b_RFID_Readers;UDInt;%MD236;;PLC;4a_4b_RFID_Readers
4a_RFID_Data_Out;4a_4b_RFID_Readers;UDInt;%MD240;;PLC;4a_4b_RFID_Readers
4a_RFID_Serial_Number;4a_4b_RFID_Readers;UDInt;%MD244;;PLC;4a_4b_RFID_Readers
4a_RFID_Busy;4a_4b_RFID_Readers;Bool;%M21.0;;PLC;4a_4b_RFID_Readers
4a_RFID_Done;4a_4b_RFID_Readers;Bool;%M21.1;;PLC;4a_4b_RFID_Readers
4a_RFID_Error;4a_4b_RFID_Readers;Bool;%M21.2;;PLC;4a_4b_RFID_Readers
4a_RFID_State;4a_4b_RFID_Readers;Int;%MW152;;PLC;4a_4b_RFID_Readers
4a_RFID_Status_Code;4a_4b_RFID_Readers;Int;%MW154;;PLC;4a_4b_RFID_Readers
4a_RFID_Tag_Present;4a_4b_RFID_Readers;Bool;%M21.3;;PLC;4a_4b_RFID_Readers
3a_Metal_Pick_And_Place_Reset;Standard-Variablentabelle;Bool;%M320.0;;PLC;Standard-Variablentabelle
3b_Metal_Pick_And_Place_Reset;2a_VisionDataSensors;Bool;%M351.0;;PLC;2a_VisionDataSensors
HRL_Occ_0;Warehouse;USInt;%MB400;;PLC;Warehouse
HRL_Occ_1;Warehouse;USInt;%MB401;;PLC;Warehouse
HRL_Occ_2;Warehouse;USInt;%MB402;;PLC;Warehouse
HRL_Occ_3;Warehouse;USInt;%MB403;;PLC;Warehouse
HRL_Occ_4;Warehouse;USInt;%MB404;;PLC;Warehouse
HRL_Occ_5;Warehouse;USInt;%MB405;;PLC;Warehouse
HRL_Occ_6;Warehouse;USInt;%MB406;;PLC;Warehouse
HRL_2_Occ_0;HMI_Tags_Warehouse_2;USInt;%MB407;;PLC;HMI_Tags_Warehouse_2
HRL_2_Occ_1;HMI_Tags_Warehouse_2;USInt;%MB408;;PLC;HMI_Tags_Warehouse_2
HRL_2_Occ_2;HMI_Tags_Warehouse_2;USInt;%MB409;;PLC;HMI_Tags_Warehouse_2
HRL_2_Occ_3;HMI_Tags_Warehouse_2;USInt;%MB410;;PLC;HMI_Tags_Warehouse_2
HRL_2_Occ_4;HMI_Tags_Warehouse_2;USInt;%MB411;;PLC;HMI_Tags_Warehouse_2
HRL_2_Occ_5;HMI_Tags_Warehouse_2;USInt;%MB412;;PLC;HMI_Tags_Warehouse_2
HRL_2_Occ_6;HMI_Tags_Warehouse_2;USInt;%MB413;;PLC;HMI_Tags_Warehouse_2
OB100_Startup_Init;Standard-Variablentabelle;Bool;%M59.0;;PLC;Standard-Variablentabelle
